Model,RMSE,Precision@5,Recall@5,Training Time
NMF (Baseline),0.08196749369040747,0.4061745040310376,0.6838532380642529,68.14479899406433
NMF2 (Optimized),0.04571107395062396,0.5196764163662878,0.9280019705800537,30.697913646697998
